id;user_id;topic;title;content;source_type;source_url;source_title;is_used;generated_at;expires_at;created_at
b2759d82-852d-4e77-8df6-60cccbbbc084;9ecb31a6-e2da-4f77-9df7-4cc50386d25c;AI Risk Management;Beyond the Hype: Practical AI Risk Management for 2024;"Everyone's talking about AI, but who's talking about truly managing its risks effectively? As investors pour billions into this space, it‚Äôs clear that AI is no longer a 'nice-to-have' but a fundamental shift in how we operate. But with great power comes great responsibility, and that responsibility extends to understanding and mitigating the unique risks AI introduces.

From ensuring data integrity and security to addressing explainability and ethical concerns, a comprehensive AI risk management strategy is no longer optional. It's about designing safeguards from the ground up, integrating risk assessments into the entire AI lifecycle, and fostering a culture of responsible AI development. This isn't about slowing innovation; it's about building resilient, trustworthy AI systems that deliver sustainable value.

What's one practical step your team is taking to embed AI risk management into your product development or operational processes this year?";ai_generated;https://www.fastcompany.com/91448143/apple-3-biggest-wins-3-greatest-failures-2025-intelligence-iphone-17-liquid-glass-os;Inspired by the investor focus on 'AI, AI, AI,' this post aims to shift the conversation from pure investment to responsible implementation. It acknowledges the hype but pivots to the practicalities and strategies needed to manage the associated risks, similar to how companies navigate 'turbulent year' and 'threats' by developing new strategies.;false;2025-12-21 02:59:16.474529+00;2025-12-28 02:59:16.474529+00;2025-12-21 02:59:16.474529+00
23e4be5f-e6d8-4308-b505-8125ac403916;9ecb31a6-e2da-4f77-9df7-4cc50386d25c;Artificial Intelligence;AI: Beyond the Hype, Into Reality;"Are you ready to move beyond the buzzwords and into the practical applications of AI? We've all seen the headlines about AI's rapid ascent, but the real magic happens when we translate potential into tangible business solutions.

From automating repetitive tasks to unlocking unprecedented insights from vast datasets, AI is fundamentally reshaping how organizations operate and innovate. It‚Äôs not just about flashy new tech; it's about optimizing efficiency, enhancing customer experiences, and creating entirely new value propositions. Think about personalized medicine, predictive maintenance in manufacturing, or even intelligent supply chain management ‚Äì these aren't future fantasies, they're current realities being driven by AI.

While the excitement around investment in AI is palpable (just look at recent trends!), the true differentiator for businesses will be their strategic adoption and responsible implementation. It's about empowering teams, not replacing them, and focusing on problems AI is uniquely positioned to solve. The conversation needs to shift from *if* to *how* effectively we're integrating AI.

What's one area in your industry where you believe AI could make the most significant, positive impact today?

#ArtificialIntelligence #AI #Innovation #BusinessTransformation #TechTrends #FutureOfWork";ai_generated;https://www.fastcompany.com/91448143/apple-3-biggest-wins-3-greatest-failures-2025-intelligence-iphone-17-liquid-glass-os;Inspiration from 'Where are investors placing their bets next year? AI, AI, AI.' ‚Äì focusing on the practical application of investment and moving beyond just the 'hype'.;false;2025-12-21 02:59:16.474529+00;2025-12-28 02:59:16.474529+00;2025-12-21 02:59:16.474529+00
4045bf45-0790-4bfa-bc6d-99ec06202c0f;9ecb31a6-e2da-4f77-9df7-4cc50386d25c;Artificial Intelligence;Navigating the AI Landscape: Challenges Alongside Wins;"While AI continues to dominate headlines with its incredible 'wins', are we equally prepared to address its inherent challenges? The tech industry's journey with AI has been nothing short of transformative, but like any powerful technology, it comes with its own set of complexities.

We're seeing remarkable advancements in areas like natural language processing and computer vision, leading to breakthroughs that redefine possibilities. However, the conversation needs to be balanced. Discussions around data privacy, algorithmic bias, ethical considerations, and the evolving job market are equally crucial. Just as companies celebrate their AI successes, they must also grapple with the responsibility that comes with deploying such powerful tools. It's not enough to build intelligent systems; we need to build *trustworthy* and *equitable* intelligent systems.

As AI becomes more integrated into our daily lives and business operations, proactive engagement with these challenges will define the true leaders and innovators. It's about designing solutions with human-centric values at their core, ensuring that progress benefits everyone.

What do you believe is the single biggest ethical challenge we need to tackle in AI's development and deployment right now?

#AIethics #ResponsibleAI #TechChallenges #InnovationChallenges #FutureTech #DigitalTransformation";ai_generated;https://www.fastcompany.com/91448143/apple-3-biggest-wins-3-greatest-failures-2025-intelligence-iphone-17-liquid-glass-os;;false;2025-12-21 02:59:16.474529+00;2025-12-28 02:59:16.474529+00;2025-12-21 02:59:16.474529+00
e5aed29e-fc1d-405b-9837-3d414dd6a1ee;9ecb31a6-e2da-4f77-9df7-4cc50386d25c;AI Risk Management;Navigating the New Frontier: AI Risk Management;"Is your organization ready to navigate the uncharted waters of AI risk? While AI promises incredible innovation and efficiency, the conversation around managing its inherent risks is becoming more critical than ever. We're seeing a rapid acceleration in AI adoption, and with that comes a growing need for robust frameworks to ensure responsible and ethical implementation.

Think about it: from algorithmic bias in hiring to data privacy breaches in customer interactions, the potential pitfalls are real and can have significant reputational and financial consequences. It's not just about compliance; it's about building trust and ensuring the sustainable growth of your AI initiatives. Forward-thinking companies are proactively developing strategies to identify, assess, and mitigate these risks, turning potential liabilities into opportunities for greater transparency and accountability.

What are some of the biggest AI risks you're seeing emerge in your industry, and how are you preparing for them?";ai_generated;https://www.fastcompany.com/91448143/apple-3-biggest-wins-3-greatest-failures-2025-intelligence-iphone-17-liquid-glass-os;The trending content highlights the widespread impact and investor interest in AI. This post aims to balance that enthusiasm with a realistic look at the necessary risk management, drawing on the 'turbulent year' and 'economic threats' mentioned in the Apple post to suggest AI also brings challenges requiring proactive solutions.;true;2025-12-21 02:59:16.474529+00;2025-12-28 02:59:16.474529+00;2025-12-21 02:59:16.474529+00
fad39af7-0180-4af4-ad58-e4da5b70f679;9ecb31a6-e2da-4f77-9df7-4cc50386d25c;AI Risk Management;Navigating the AI Gold Rush Responsibly;"Everyone's talking about AI, but are we talking enough about the *risks*? üßê As companies pour investments into AI, the spotlight often falls on innovation and profitability. But what about the less glamorous, yet critically important, side of the coin: AI risk management?

From data privacy breaches and algorithmic bias to ethical dilemmas and potential job displacement, the implications of unchecked AI development are vast. It‚Äôs not about slowing down progress; it‚Äôs about building a robust framework that allows innovation to flourish responsibly. Think of it as laying a strong foundation before you build a skyscraper ‚Äì essential for long-term stability and success.

Effective AI risk management isn't just about compliance; it's a strategic imperative. It protects your brand, fosters trust with your customers, and ensures your AI solutions are beneficial for everyone. We need to move beyond simply adopting AI to thoughtfully integrating it with transparency, accountability, and ethical considerations at the forefront.

How do you see your organization prioritizing AI risk management in this fast-paced landscape? 

#AIRiskManagement #AIethics #InnovationResponsibly #TechTrends #FutureOfAI";ai_generated;https://www.fastcompany.com/91448143/apple-3-biggest-wins-3-greatest-failures-2025-intelligence-iphone-17-liquid-glass-os;The trending content about 'investors placing their bets on AI' inspired the idea of discussing the flip side ‚Äì the risks associated with this rapid adoption, making it more balanced and comprehensive. It's a contrast to the purely positive outlook.;false;2025-12-21 03:03:22.651645+00;2025-12-28 03:03:22.651645+00;2025-12-21 03:03:22.651645+00
54c40650-2d39-4397-bb3e-5ee313c0ab16;9ecb31a6-e2da-4f77-9df7-4cc50386d25c;AI Risk Management;Beyond the Hype: Building Trust in AI;"We're all excited about AI's potential, but how do we ensure it doesn't become tomorrow's biggest headache? With the constant buzz around AI's transformative power, it's easy to overlook the critical need for proactive risk management. Just like any powerful technology, AI comes with its own set of challenges that, if ignored, can undermine trust and even lead to significant setbacks.

Consider the complexities of explainable AI, ensuring fairness in algorithms, and protecting sensitive data. These aren't just technical hurdles; they're foundational elements for building public and stakeholder confidence. Ignoring these aspects is akin to launching a product without considering its safety features ‚Äì a recipe for disaster. The most successful AI implementations won't just be intelligent; they'll be trustworthy.

Developing a comprehensive AI risk management strategy means anticipating potential pitfalls, implementing robust governance, and establishing clear lines of accountability. It's about building a future where AI serves humanity, not the other way around. Let's work together to make sure our AI advancements are both brilliant and burden-free.

What's the most significant AI risk you believe organizations are currently underestimating?

#AIGovernance #EthicalAI #RiskManagement #DigitalTransformation #TrustInAI";ai_generated;https://www.fastcompany.com/91448143/apple-3-biggest-wins-3-greatest-failures-2025-intelligence-iphone-17-liquid-glass-os;The general theme of 'big wins' and 'failures' in tech, as seen in the Apple trend, inspired a post that balances the excitement around AI with the necessary precautions to avoid 'failures.' It frames risk management as essential for securing 'wins' and preventing future problems.;false;2025-12-21 03:03:22.651645+00;2025-12-28 03:03:22.651645+00;2025-12-21 03:03:22.651645+00
6ae80d3e-6d37-4875-a2aa-941927a8172e;9ecb31a6-e2da-4f77-9df7-4cc50386d25c;Artificial Intelligence;Navigating the AI Investment Landscape;"Are you wondering where the smart money is heading? If current trends are any indication, the answer is a resounding: AI, AI, AI.

It's no secret that Artificial Intelligence is transforming industries at an unprecedented pace. From automating complex processes to delivering hyper-personalized customer experiences, AI's potential seems limitless. This rapid evolution isn't just a technological marvel; it's a magnet for investors looking for the next big wave.

Recent discussions with top investors reveal a clear focus on innovations within AI. They're keen on solutions that offer genuine problem-solving capabilities, scalable platforms, and defensible intellectual property. It‚Äôs not just about flashy demos anymore; it's about robust, real-world applications that can deliver tangible value and significant ROI.

For founders in the AI space, this presents both a challenge and a massive opportunity. Standing out in a crowded field requires more than just a great idea. It demands a deep understanding of market needs, a compelling value proposition, and a strong execution plan. Investors are looking for teams that can not only build cutting-edge technology but also navigate the complex commercial landscape.

What innovative AI applications are you seeing that are truly poised to disrupt their respective markets?

#AI #ArtificialIntelligence #TechInvestment #Startups #Innovation #FutureTech";ai_generated;https://www.fastcompany.com/91448143/apple-3-biggest-wins-3-greatest-failures-2025-intelligence-iphone-17-liquid-glass-os;Inspiration drawn from 'Where are investors placing their bets next year? AI, AI, AI.' - highlighting investor focus and advice for founders.;false;2025-12-21 03:03:22.651645+00;2025-12-28 03:03:22.651645+00;2025-12-21 03:03:22.651645+00
8a8abfc7-ac15-4064-8027-361bb97b2614;9ecb31a6-e2da-4f77-9df7-4cc50386d25c;Artificial Intelligence;AI: More Than Just a Buzzword;"The tech industry has had a rollercoaster of a year, and one constant force has been the continued, undeniable rise of Artificial Intelligence.

It's easy to get caught up in the hype, but beneath the buzz, AI is fundamentally reshaping how businesses operate and how individuals interact with technology. We're seeing AI move beyond theoretical concepts into practical, impactful applications across sectors ‚Äì from healthcare diagnostics to personalized education, and from climate modeling to advanced manufacturing. This isn't just about automation; it's about intelligence augmentation, allowing us to achieve things that were once considered impossible.

However, with great power comes great responsibility. The ethical implications, data privacy concerns, and the need for robust regulatory frameworks are becoming increasingly critical topics of discussion. Companies and policymakers alike are grappling with how to harness AI's benefits while mitigating its risks. It's a delicate balance that requires collaboration and foresight.

As we look ahead, the trajectory of AI suggests its influence will only deepen. Understanding its nuances, capabilities, and limitations will be crucial for anyone looking to stay relevant and contribute meaningfully to the future. It's an exciting, albeit complex, frontier.

What societal or business challenge do you believe AI is best positioned to solve in the next five years?

#AIimpact #Technology #BusinessTransformation #ArtificialIntelligence #TechEthics #FutureOfWork";ai_generated;https://www.fastcompany.com/91448143/apple-3-biggest-wins-3-greatest-failures-2025-intelligence-iphone-17-liquid-glass-os;Inspired by 'Apple‚Äôs 3 biggest wins and 3 greatest failures of 2025' and 'Where are investors placing their bets next year? AI, AI, AI.' to discuss AI's broader impact and challenges.;false;2025-12-21 03:03:22.651645+00;2025-12-28 03:03:22.651645+00;2025-12-21 03:03:22.651645+00